<?xml version="1.0" encoding="UTF-8"?>
<!DOCTYPE suite SYSTEM "https://testng.org/testng-1.0.dtd" >
<suite name="fulltests">
  
    <test name="front-end">
        <classes>
            <class name="testngsuitegroups.TestUI" />
        </classes>
    </test>
  
    <test name="back-end">
        <classes>
            <class name="testngsuitegroups.TestSecurity" />
            <class name="testngsuitegroups.TestDataBase" />
            <class name="testngsuitegroups.TestBackendConfig" />
        </classes>
    </test>
 
</suite>