<?xml version="1.0" encoding="UTF-8"?>
<!DOCTYPE suite SYSTEM "https://testng.org/testng-1.0.dtd">
<suite name="test-parameter">
 <test name="example1">

    <groups>
        <run>
            <include name="A" />
        </run>
    </groups>

    <classes>
       <class
        name="com.myorg.tests.UsingGroups" />
    </classes>

  </test>
  <test name="example2">

    <groups>
        <run>
            <include name="B" />
        </run>
    </groups>

    <classes>
       <class
        name="com.myorg.tests.UsingGroups" />
    </classes>

  </test>
  </suite>
  